{
  "mean_char_accuracy": 0.012519001661540638,
  "mean_cer": 0.9927156840427953,
  "exact_match_rate": 0.0033407572383073497,
  "total_samples": 2694
}