{
  "mean_char_accuracy": 0.17950952126389016,
  "mean_cer": 0.8909481297321731,
  "exact_match_rate": 0.07061068702290077,
  "total_samples": 1572
}